{
	"info": {
		"_postman_id": "62e52fa3-5dea-4c61-9bce-c20658124b2e",
		"name": "MCSS",
		"schema": "https://schema.getpostman.com/json/collection/v2.1.0/collection.json"
	},
	"item": [
		{
			"name": "app",
			"item": [
				{
					"name": "user",
					"item": [
						{
							"name": "Login User",
							"event": [
								{
									"listen": "test",
									"script": {
										"id": "b15d8ebc-be9c-4da6-bc3e-7a25867b019c",
										"exec": [
											"pm.environment.set(\"jwt\", \"\");",
											"pm.test(\"jwt\", function() {",
											"    var jsonData = pm.response.json();",
											"    var result = jsonData.data.jwt;",
											"    pm.environment.set(\"jwt\", result );",
											"});"
										],
										"type": "text/javascript"
									}
								}
							],
							"request": {
								"method": "POST",
								"header": [
									{
										"key": "authorization",
										"type": "text",
										"value": "abcd"
									}
								],
								"body": {
									"mode": "raw",
									"raw": "{\n    \"email\": \"valid.requester@gmail.com\",\n    \"password\": \"P@assw0rd123!\"\n}",
									"options": {
										"raw": {
											"language": "json"
										}
									}
								},
								"url": {
									"raw": "{{api-v1-host}}/user/login",
									"host": [
										"{{api-v1-host}}"
									],
									"path": [
										"user",
										"login"
									]
								}
							},
							"response": []
						},
						{
							"name": "Login Admin",
							"event": [
								{
									"listen": "test",
									"script": {
										"id": "7ed59b94-ca4e-40e6-acf1-a3594e340b80",
										"exec": [
											"pm.environment.set(\"jwt\", \"\");",
											"pm.test(\"jwt\", function() {",
											"    var jsonData = pm.response.json();",
											"    var result = jsonData.data.jwt;",
											"    pm.environment.set(\"jwt\", result );",
											"});"
										],
										"type": "text/javascript"
									}
								}
							],
							"request": {
								"method": "POST",
								"header": [
									{
										"key": "authorization",
										"type": "text",
										"value": "abcd"
									}
								],
								"body": {
									"mode": "raw",
									"raw": "{\n    \"email\": \"zhang.zhixuan@gmail.com\",\n    \"password\": \"P@assw0rd123!\"\n}",
									"options": {
										"raw": {
											"language": "json"
										}
									}
								},
								"url": {
									"raw": "{{api-v1-host}}/user/login",
									"host": [
										"{{api-v1-host}}"
									],
									"path": [
										"user",
										"login"
									]
								}
							},
							"response": []
						}
					],
					"protocolProfileBehavior": {},
					"_postman_isSubFolder": true
				},
				{
					"name": "schedule",
					"item": [
						{
							"name": "Get One Schedule",
							"request": {
								"auth": {
									"type": "bearer",
									"bearer": [
										{
											"key": "token",
											"value": "{{jwt}}",
											"type": "string"
										}
									]
								},
								"method": "GET",
								"header": [],
								"url": {
									"raw": "{{api-v1-host}}/schedule/0c451634-cd05-41fd-8125-80e0f5cf9c44",
									"host": [
										"{{api-v1-host}}"
									],
									"path": [
										"schedule",
										"0c451634-cd05-41fd-8125-80e0f5cf9c44"
									]
								}
							},
							"response": []
						},
						{
							"name": "Get All Schedules",
							"request": {
								"auth": {
									"type": "bearer",
									"bearer": [
										{
											"key": "token",
											"value": "{{jwt}}",
											"type": "string"
										}
									]
								},
								"method": "GET",
								"header": [],
								"url": {
									"raw": "{{api-v1-host}}/schedule?duration=3",
									"host": [
										"{{api-v1-host}}"
									],
									"path": [
										"schedule"
									],
									"query": [
										{
											"key": "duration",
											"value": "3",
											"description": "duration is count in weeks"
										}
									]
								}
							},
							"response": []
						},
						{
							"name": "Get Available Schedules",
							"request": {
								"auth": {
									"type": "bearer",
									"bearer": [
										{
											"key": "token",
											"value": "{{jwt}}",
											"type": "string"
										}
									]
								},
								"method": "GET",
								"header": [],
								"url": {
									"raw": "{{api-v1-host}}/schedule/available?date=2020-11-23",
									"host": [
										"{{api-v1-host}}"
									],
									"path": [
										"schedule",
										"available"
									],
									"query": [
										{
											"key": "date",
											"value": "2020-11-23"
										}
									]
								}
							},
							"response": []
						},
						{
							"name": "Create Schedule",
							"request": {
								"auth": {
									"type": "bearer",
									"bearer": [
										{
											"key": "token",
											"value": "{{jwt}}",
											"type": "string"
										}
									]
								},
								"method": "POST",
								"header": [
									{
										"key": "authorization",
										"type": "text",
										"value": "abcd"
									}
								],
								"body": {
									"mode": "raw",
									"raw": "{\n    \"slotDate\": \"2020-11-26 13:57:36\",\n    \"creatorEmail\": \"zhang.zhixuan@gmail.com\",\n    \"stylistEmail\": \"zhang.zhixuan@gmail.com\",\n    \"activity\": \"Cut Hair\",\n    \"shop\": \"VivoCity\"\n}",
									"options": {
										"raw": {
											"language": "json"
										}
									}
								},
								"url": {
									"raw": "{{api-v1-host}}/schedule/",
									"host": [
										"{{api-v1-host}}"
									],
									"path": [
										"schedule",
										""
									]
								}
							},
							"response": []
						},
						{
							"name": "Update Request",
							"request": {
								"auth": {
									"type": "bearer",
									"bearer": [
										{
											"key": "token",
											"value": "{{jwt}}",
											"type": "string"
										}
									]
								},
								"method": "PUT",
								"header": [
									{
										"key": "authorization",
										"type": "text",
										"value": "abcd"
									}
								],
								"body": {
									"mode": "raw",
									"raw": "{\n    \"activity\": \"Kick Start\",\n    \"stylistEmail\": \"zhang.zhixuan@gmail.com\",\n    \"shop\": \"Orchard\"\n}",
									"options": {
										"raw": {
											"language": "json"
										}
									}
								},
								"url": {
									"raw": "{{api-v1-host}}/schedule/82df3587-fa05-4f3a-a499-e7e069beae03",
									"host": [
										"{{api-v1-host}}"
									],
									"path": [
										"schedule",
										"82df3587-fa05-4f3a-a499-e7e069beae03"
									]
								}
							},
							"response": []
						},
						{
							"name": "Delete Schedule",
							"request": {
								"auth": {
									"type": "bearer",
									"bearer": [
										{
											"key": "token",
											"value": "{{jwt}}",
											"type": "string"
										}
									]
								},
								"method": "DELETE",
								"header": [
									{
										"key": "authorization",
										"type": "text",
										"value": "abcd"
									}
								],
								"body": {
									"mode": "raw",
									"raw": "{\n    \"slotDate\": \"2020-11-26 13:57:36\",\n    \"creatorEmail\": \"zhang.zhixuan@gmail.com\",\n    \"stylistEmail\": \"zhang.zhixuan@gmail.com\",\n    \"activity\": \"Cut Hair\",\n    \"shop\": \"VivoCity\"\n}",
									"options": {
										"raw": {
											"language": "json"
										}
									}
								},
								"url": {
									"raw": "{{api-v1-host}}/schedule/95794da4-7e9a-45da-b14b-cffb656b0198",
									"host": [
										"{{api-v1-host}}"
									],
									"path": [
										"schedule",
										"95794da4-7e9a-45da-b14b-cffb656b0198"
									]
								}
							},
							"response": []
						}
					],
					"protocolProfileBehavior": {},
					"_postman_isSubFolder": true
				}
			],
			"protocolProfileBehavior": {}
		},
		{
			"name": "kong",
			"item": [
				{
					"name": "service",
					"item": [
						{
							"name": "Kong Create Service",
							"request": {
								"method": "POST",
								"header": [],
								"body": {
									"mode": "raw",
									"raw": "{\n    \"name\": \"api-v1-user\",\n    \"url\":\"http://srv-captain--user-api\"\n}",
									"options": {
										"raw": {
											"language": "json"
										}
									}
								},
								"url": {
									"raw": "{{kong-admin}}/services/",
									"host": [
										"{{kong-admin}}"
									],
									"path": [
										"services",
										""
									]
								}
							},
							"response": []
						},
						{
							"name": "Kong List Service",
							"protocolProfileBehavior": {
								"disableBodyPruning": true
							},
							"request": {
								"method": "GET",
								"header": [],
								"body": {
									"mode": "raw",
									"raw": "{\n    \"name\": \"api-v1-request\",\n    \"host\": \"srv-captain--dashboard-api\",\n    \"path\": \"/\"\n}",
									"options": {
										"raw": {
											"language": "json"
										}
									}
								},
								"url": {
									"raw": "{{kong-admin}}/services/api-v1-user",
									"host": [
										"{{kong-admin}}"
									],
									"path": [
										"services",
										"api-v1-user"
									]
								}
							},
							"response": []
						},
						{
							"name": "Kong Update Service",
							"request": {
								"method": "PATCH",
								"header": [],
								"body": {
									"mode": "raw",
									"raw": "{\n    \"host\": \"srv-captain--user-api\"\n}",
									"options": {
										"raw": {
											"language": "json"
										}
									}
								},
								"url": {
									"raw": "{{kong-admin}}/services/2d5d4079-bd1c-4411-9a63-01255680b234",
									"host": [
										"{{kong-admin}}"
									],
									"path": [
										"services",
										"2d5d4079-bd1c-4411-9a63-01255680b234"
									]
								}
							},
							"response": []
						},
						{
							"name": "Kong Update Service",
							"request": {
								"method": "DELETE",
								"header": [],
								"body": {
									"mode": "raw",
									"raw": "{\n    \"name\": \"api-v1-request\",\n    \"host\": \"srv-captain--dashboard-api\",\n    \"path\": \"/\"\n}",
									"options": {
										"raw": {
											"language": "json"
										}
									}
								},
								"url": {
									"raw": "{{kong-admin}}/services/2d5d4079-bd1c-4411-9a63-01255680b234",
									"host": [
										"{{kong-admin}}"
									],
									"path": [
										"services",
										"2d5d4079-bd1c-4411-9a63-01255680b234"
									]
								}
							},
							"response": []
						}
					],
					"protocolProfileBehavior": {},
					"_postman_isSubFolder": true
				},
				{
					"name": "route",
					"item": [
						{
							"name": "Kong Create Service Route",
							"request": {
								"method": "POST",
								"header": [],
								"body": {
									"mode": "raw",
									"raw": "{\n    \"hosts\": [\n        \"kong-gateway.demo.zhixuan.me\"\n    ],\n    \"paths\": [\n        \"/api/v1/user\"\n    ],\n    \"methods\": [\n        \"POST\",\n        \"OPTIONS\"\n    ]\n}",
									"options": {
										"raw": {
											"language": "json"
										}
									}
								},
								"url": {
									"raw": "{{kong-admin}}/services/api-v1-user/routes",
									"host": [
										"{{kong-admin}}"
									],
									"path": [
										"services",
										"api-v1-user",
										"routes"
									]
								}
							},
							"response": []
						},
						{
							"name": "Kong List Service Route",
							"request": {
								"method": "GET",
								"header": [],
								"url": {
									"raw": "{{kong-admin}}/services/api-v1-user/routes",
									"host": [
										"{{kong-admin}}"
									],
									"path": [
										"services",
										"api-v1-user",
										"routes"
									]
								}
							},
							"response": []
						},
						{
							"name": "Kong Update Service Route",
							"request": {
								"method": "PATCH",
								"header": [],
								"body": {
									"mode": "raw",
									"raw": "{\n    \"service\": {\n        \"id\": \"97d34c15-9cfe-43eb-8fb2-4ed28f91cec5\"\n    }\n}",
									"options": {
										"raw": {
											"language": "json"
										}
									}
								},
								"url": {
									"raw": "{{kong-admin}}/routes/daf8a751-9b08-48a1-bc09-bd8137992ec1",
									"host": [
										"{{kong-admin}}"
									],
									"path": [
										"routes",
										"daf8a751-9b08-48a1-bc09-bd8137992ec1"
									]
								}
							},
							"response": []
						},
						{
							"name": "Kong Update Service Route",
							"request": {
								"method": "DELETE",
								"header": [],
								"body": {
									"mode": "raw",
									"raw": "{\n    \"hosts\": [\"srv-captain--dashboard-api\"],\n    \"paths\": [\n        \"/api/v1\"\n    ]\n}",
									"options": {
										"raw": {
											"language": "json"
										}
									}
								},
								"url": {
									"raw": "{{kong-admin}}/routes/02e21b79-ccb6-4b5b-93d2-5687b5c6c41a",
									"host": [
										"{{kong-admin}}"
									],
									"path": [
										"routes",
										"02e21b79-ccb6-4b5b-93d2-5687b5c6c41a"
									]
								}
							},
							"response": []
						}
					],
					"protocolProfileBehavior": {},
					"_postman_isSubFolder": true
				},
				{
					"name": "plugin",
					"item": [
						{
							"name": "Kong",
							"request": {
								"method": "POST",
								"header": [],
								"body": {
									"mode": "raw",
									"raw": "{\n    \"hosts\": [\"example.com\"],\n    \"paths\": [\"/mockbin\"]\n}",
									"options": {
										"raw": {
											"language": "json"
										}
									}
								},
								"url": {
									"raw": "{{kong-admin}}/services/example-service/routes",
									"host": [
										"{{kong-admin}}"
									],
									"path": [
										"services",
										"example-service",
										"routes"
									]
								}
							},
							"response": []
						}
					],
					"protocolProfileBehavior": {},
					"_postman_isSubFolder": true
				}
			],
			"protocolProfileBehavior": {}
		}
	],
	"protocolProfileBehavior": {}
}